Product,Total
"Balcony Level<br />
Back Half<br />
No IMAG<br />
1 hour(s)<br />
Tier 2 Composer<br />
$100",2
"Middle Level<br />
Back Half<br />
IMAG<br />
2 hour(s)<br />
Tier 2 Composer<br />
$25",23
"Middle Level<br />
Back Half<br />
No IMAG<br />
1 hour(s)<br />
Tier 2 Composer<br />
$50",4
"Middle Level<br />
Front Half<br />
No IMAG<br />
2 hour(s)<br />
Tier 1 Composer<br />
$75",7
"Balcony Level<br />
Back Half<br />
No IMAG<br />
2 hour(s)<br />
Tier 2 Composer<br />
$100",2
"Floor Level<br />
Back Half<br />
IMAG<br />
2 hour(s)<br />
Tier 1 Composer<br />
$50",25
"Floor Level<br />
Front Half<br />
IMAG<br />
1 hour(s)<br />
Tier 1 Composer<br />
$75",7
"Middle Level<br />
Back Half<br />
No IMAG<br />
2 hour(s)<br />
Tier 3 Composer<br />
$75",2
"Balcony Level<br />
Front Half<br />
No IMAG<br />
1 hour(s)<br />
Tier 3 Composer<br />
$25",17
"Floor Level<br />
Back Half<br />
IMAG<br />
1 hour(s)<br />
Tier 3 Composer<br />
$75",11
"Floor Level<br />
Front Half<br />
IMAG<br />
1 hour(s)<br />
Tier 3 Composer<br />
$100",1
"Floor Level<br />
Front Half<br />
IMAG<br />
1 hour(s)<br />
Tier 3 Composer<br />
$75",7
"Floor Level<br />
Back Half<br />
No IMAG<br />
2 hour(s)<br />
Tier 1 Composer<br />
$100",9
"Middle Level<br />
Back Half<br />
IMAG<br />
1 hour(s)<br />
Tier 3 Composer<br />
$100",1
"Middle Level<br />
Front Half<br />
IMAG<br />
1 hour(s)<br />
Tier 1 Composer<br />
$100",7
"Middle Level<br />
Front Half<br />
IMAG<br />
2 hour(s)<br />
Tier 2 Composer<br />
$75",19
"Floor Level<br />
Back Half<br />
IMAG<br />
1 hour(s)<br />
Tier 2 Composer<br />
$50",15
"Floor Level<br />
Front Half<br />
No IMAG<br />
1 hour(s)<br />
Tier 1 Composer<br />
$100",4
"Middle Level<br />
Back Half<br />
IMAG<br />
2 hour(s)<br />
Tier 3 Composer<br />
$50",13
"Middle Level<br />
Front Half<br />
No IMAG<br />
1 hour(s)<br />
Tier 2 Composer<br />
$100",3
"Balcony Level<br />
Back Half<br />
No IMAG<br />
1 hour(s)<br />
Tier 2 Composer<br />
$75",2
"Balcony Level<br />
Front Half<br />
No IMAG<br />
2 hour(s)<br />
Tier 3 Composer<br />
$25",11
"Floor Level<br />
Back Half<br />
IMAG<br />
1 hour(s)<br />
Tier 1 Composer<br />
$50",20
"Middle Level<br />
Front Half<br />
No IMAG<br />
1 hour(s)<br />
Tier 2 Composer<br />
$50",2
"Balcony Level<br />
Back Half<br />
IMAG<br />
2 hour(s)<br />
Tier 1 Composer<br />
$50",14
"Middle Level<br />
Back Half<br />
No IMAG<br />
2 hour(s)<br />
Tier 3 Composer<br />
$25",1
"Middle Level<br />
Front Half<br />
No IMAG<br />
2 hour(s)<br />
Tier 2 Composer<br />
$75",6
"Middle Level<br />
Front Half<br />
No IMAG<br />
2 hour(s)<br />
Tier 3 Composer<br />
$25",14
"Balcony Level<br />
Back Half<br />
No IMAG<br />
2 hour(s)<br />
Tier 3 Composer<br />
$25",8
"Balcony Level<br />
Front Half<br />
No IMAG<br />
2 hour(s)<br />
Tier 3 Composer<br />
$100",3
"Floor Level<br />
Back Half<br />
IMAG<br />
1 hour(s)<br />
Tier 2 Composer<br />
$50",15
"Floor Level<br />
Front Half<br />
IMAG<br />
2 hour(s)<br />
Tier 1 Composer<br />
$75",9
